{
  "Ansi 7 Color (Light)" : {
    "Green Component" : 0.749019608,
    "Red Component" : 0.749019608,
    "Blue Component" : 0.749019608
  },
  "Ansi 15 Color (Light)" : {
    "Green Component" : 0.82745097999999995,
    "Red Component" : 0.82745097999999995,
    "Blue Component" : 0.82745097999999995
  },
  "Use Cursor Guide" : true,
  "Bold Color" : {
    "Red Component" : 0.99999994039535522,
    "Color Space" : "P3",
    "Blue Component" : 1,
    "Alpha Component" : 1,
    "Green Component" : 1
  },
  "Ansi 1 Color (Dark)" : {
    "Green Component" : 0.22745098,
    "Red Component" : 0.76862745099999996,
    "Blue Component" : 0.33333333300000001
  },
  "Use Bright Bold" : true,
  "Ansi 9 Color (Light)" : {
    "Green Component" : 0.43137254899999999,
    "Red Component" : 0.929411765,
    "Blue Component" : 0.50980392200000002
  },
  "Ansi 8 Color (Dark)" : {
    "Green Component" : 0.41568627499999999,
    "Red Component" : 0.40784313700000002,
    "Blue Component" : 0.46274509800000002
  },
  "Ansi 2 Color (Light)" : {
    "Green Component" : 0.58431372500000001,
    "Red Component" : 0.29019607800000002,
    "Blue Component" : 0.32549019600000001
  },
  "Background Color" : {
    "Green Component" : 0.890196078,
    "Red Component" : 0.88235294099999995,
    "Blue Component" : 0.90196078400000002
  },
  "Ansi 8 Color" : {
    "Green Component" : 0.41568627499999999,
    "Red Component" : 0.40784313700000002,
    "Blue Component" : 0.46274509800000002
  },
  "Columns" : 95,
  "Right Option Key Sends" : 0,
  "Ansi 4 Color (Light)" : {
    "Green Component" : 0,
    "Red Component" : 0,
    "Blue Component" : 0.67058823499999998
  },
  "Blinking Cursor" : true,
  "Cursor Boost" : 0,
  "Selected Text Color (Light)" : {
    "Green Component" : 0.890196078,
    "Red Component" : 0.88235294099999995,
    "Blue Component" : 0.90196078400000002
  },
  "Space" : 0,
  "Use Tab Color" : false,
  "Selected Text Color (Dark)" : {
    "Green Component" : 0.890196078,
    "Red Component" : 0.88235294099999995,
    "Blue Component" : 0.90196078400000002
  },
  "Cursor Type" : 1,
  "Keyboard Map" : {

  },
  "Ansi 3 Color (Dark)" : {
    "Green Component" : 0.41568627499999999,
    "Red Component" : 0.81568627500000002,
    "Blue Component" : 0.196078431
  },
  "Visual Bell" : true,
  "Cursor Text Color" : {
    "Green Component" : 0.22745098,
    "Red Component" : 0.133333333,
    "Blue Component" : 0.45882352900000001
  },
  "Scrollback Lines" : 1000,
  "Selection Color (Light)" : {
    "Green Component" : 0.22745098,
    "Red Component" : 0.12941176500000001,
    "Blue Component" : 0.45882352900000001
  },
  "Ansi 0 Color" : {
    "Green Component" : 0.22745098,
    "Red Component" : 0.219607843,
    "Blue Component" : 0.250980392
  },
  "Match Background Color (Dark)" : {
    "Red Component" : 1,
    "Color Space" : "P3",
    "Blue Component" : 0,
    "Alpha Component" : 1,
    "Green Component" : 1
  },
  "Ansi 11 Color (Light)" : {
    "Green Component" : 0.64313725499999996,
    "Red Component" : 0.75294117599999999,
    "Blue Component" : 0.28235294100000002
  },
  "Ansi 5 Color (Dark)" : {
    "Green Component" : 0.26274509800000001,
    "Red Component" : 0.47450980399999998,
    "Blue Component" : 0.90980392200000004
  },
  "Cursor Text Color (Light)" : {
    "Green Component" : 0.22745098,
    "Red Component" : 0.133333333,
    "Blue Component" : 0.45882352900000001
  },
  "Silence Bell" : false,
  "Rows" : 40,
  "Guid" : "72B115CB-FED7-4802-80F2-D827FB20C202",
  "Ansi 14 Color (Dark)" : {
    "Green Component" : 0.57254901999999996,
    "Red Component" : 0.45882352900000001,
    "Blue Component" : 0.71764705900000003
  },
  "Ansi 15 Color (Dark)" : {
    "Green Component" : 0.82745097999999995,
    "Red Component" : 0.82745097999999995,
    "Blue Component" : 0.82745097999999995
  },
  "Ansi 0 Color (Dark)" : {
    "Green Component" : 0.22745098,
    "Red Component" : 0.219607843,
    "Blue Component" : 0.250980392
  },
  "Ambiguous Double Width" : false,
  "Option Key Sends" : 0,
  "Ansi 3 Color" : {
    "Green Component" : 0.41568627499999999,
    "Red Component" : 0.81568627500000002,
    "Blue Component" : 0.196078431
  },
  "Window Type" : 0,
  "Smart Cursor Color" : true,
  "BM Growl" : true,
  "Prompt Before Closing 2" : false,
  "Command" : "",
  "Selected Text Color" : {
    "Green Component" : 0.890196078,
    "Red Component" : 0.88235294099999995,
    "Blue Component" : 0.90196078400000002
  },
  "Ansi 14 Color (Light)" : {
    "Green Component" : 0.57254901999999996,
    "Red Component" : 0.45882352900000001,
    "Blue Component" : 0.71764705900000003
  },
  "Cursor Guide Color (Dark)" : {
    "Red Component" : 0.74862593412399292,
    "Color Space" : "P3",
    "Blue Component" : 0.99125725030899048,
    "Alpha Component" : 0.25,
    "Green Component" : 0.92047786712646484
  },
  "Send Code When Idle" : false,
  "Ansi 6 Color" : {
    "Green Component" : 0.37647058799999999,
    "Red Component" : 0.21568627500000001,
    "Blue Component" : 0.53725490200000003
  },
  "Jobs to Ignore" : [
    "rlogin",
    "ssh",
    "slogin",
    "telnet"
  ],
  "Badge Color (Dark)" : {
    "Red Component" : 0.92929404973983765,
    "Color Space" : "P3",
    "Blue Component" : 0.13960540294647217,
    "Alpha Component" : 0.5,
    "Green Component" : 0.25479039549827576
  },
  "Cursor Color" : {
    "Green Component" : 0.21568627500000001,
    "Red Component" : 0.749019608,
    "Blue Component" : 0.37647058799999999
  },
  "Vertical Spacing" : 1,
  "Disable Window Resizing" : true,
  "Close Sessions On End" : true,
  "Selection Color (Dark)" : {
    "Green Component" : 0.22745098,
    "Red Component" : 0.12941176500000001,
    "Blue Component" : 0.45882352900000001
  },
  "Default Bookmark" : "No",
  "Foreground Color (Light)" : {
    "Green Component" : 0.22745098,
    "Red Component" : 0.12941176500000001,
    "Blue Component" : 0.45882352900000001
  },
  "Custom Command" : "No",
  "Background Color (Dark)" : {
    "Green Component" : 0.890196078,
    "Red Component" : 0.88235294099999995,
    "Blue Component" : 0.90196078400000002
  },
  "Ansi 9 Color" : {
    "Green Component" : 0.43137254899999999,
    "Red Component" : 0.929411765,
    "Blue Component" : 0.50980392200000002
  },
  "Ansi 14 Color" : {
    "Green Component" : 0.57254901999999996,
    "Red Component" : 0.45882352900000001,
    "Blue Component" : 0.71764705900000003
  },
  "Flashing Bell" : false,
  "Use Italic Font" : true,
  "Ansi 13 Color (Dark)" : {
    "Green Component" : 0.25490196100000001,
    "Red Component" : 0.74509803900000005,
    "Blue Component" : 0.72941176500000005
  },
  "Cursor Guide Color (Light)" : {
    "Red Component" : 0.74862593412399292,
    "Color Space" : "P3",
    "Blue Component" : 0.99125725030899048,
    "Alpha Component" : 0.25,
    "Green Component" : 0.92047786712646484
  },
  "Ansi 12 Color" : {
    "Green Component" : 0.59215686300000003,
    "Red Component" : 0.26274509800000001,
    "Blue Component" : 0.85882352900000003
  },
  "Ansi 10 Color (Light)" : {
    "Green Component" : 0.72941176500000005,
    "Red Component" : 0.39215686300000002,
    "Blue Component" : 0.43529411800000001
  },
  "Non-ASCII Anti Aliased" : true,
  "Ansi 10 Color" : {
    "Green Component" : 0.72941176500000005,
    "Red Component" : 0.39215686300000002,
    "Blue Component" : 0.43529411800000001
  },
  "Foreground Color" : {
    "Green Component" : 0.22745098,
    "Red Component" : 0.12941176500000001,
    "Blue Component" : 0.45882352900000001
  },
  "Link Color (Light)" : {
    "Red Component" : 0.14513972401618958,
    "Color Space" : "P3",
    "Blue Component" : 0.7093239426612854,
    "Alpha Component" : 1,
    "Green Component" : 0.35333043336868286
  },
  "Description" : "Default",
  "Match Background Color" : {
    "Red Component" : 1,
    "Color Space" : "P3",
    "Blue Component" : 0,
    "Alpha Component" : 1,
    "Green Component" : 1
  },